Channel Name,Earnings
LEC,$1.55M
BLASTPREMIER,$1.55M
CALL OF DUTY,$1.55M
GAULES,$1.55M
OTPLOL_,$1.55M
LCK,$1.55M
PGL_DOTA2,$1.55M
ESL_CSGO,$1.55M
PLAYAPEX,$1.55M
CBLOL,$1.55M
ROCKETLEAGUE,$1.55M
LCS,$1.55M
VALORANT_JPN,$1.55M
ESL_CSGOB,$1.55M
LVPES,$1.55M
CHESS,$1.55M
CSGO_MC,$1.55M
LPL,$1.55M
EAMADDENNFL,$1.55M
SMITEGAME,$1.55M
LLA,$1.55M
WARCRAFT,$1.55M
ROCKETLEAGUESAM,$1.55M
HLTVORG,$1.55M
EASPORTSFIFA,$1.55M
BTSSMASH,$1.55M
BRAWLHALLA,$1.55M
TEKKEN,$1.55M
CSGO_MC2,$1.55M
PGL_DOTA2EN2,$1.55M
LOLPACIFICTW,$1.55M
ROCKETLEAGUEAPAC,$1.55M
AUSSIEANTICS,$1.55M
ESPORTS_RAGE,$1.55M
SOLARYHS,$1.55M
FORTNITE,$1.55M
RIOTGAMESJP,$1.55M
IMLS,$1.55M
ROCKETLEAGUEMENA,$1.55M
PRIMELEAGUE,$1.55M
SUMMONERSINNLIVE,$1.55M
CCT_EN,$1.55M
CHALLENGERSLEAGUE,$1.55M
RAINBOW6,$1.55M
SOLARY,$1.55M
SOLARYFORTNITE,$1.55M
RIOT GAMES,$1.55M
ROCKETLEAGUEOCE,$1.55M
BTSBRASILTV,$1.55M
BEYONDTHESUMMIT,$1.55M
CXMMUNITY,$1.55M
LCKCL,$1.55M
ROCKETBAGUETTE,$1.55M
EASTGEEKSMASH,$1.55M
ALPHACAST,$1.55M
RTP ARENA CS:GO,$1.55M
VALORANT_BR,$1.55M
MLS,$1.55M
POLSATGAMES,$1.55M
VALLEAGUE_FR,$1.55M
RIOTGAMESTURKISH,$1.55M
COLLEGECARBALL,$1.55M
CAPCOMFIGHTERS,$1.55M
FPSTHAILAND,$1.55M
WORLDOFTANKS,$1.55M
VALORANTLEAGUE_TR,$1.55M
NBA2KLEAGUE,$1.55M
LCO,$1.55M
ESPORTMANIACOS,$1.55M
LVPES2,$1.55M
ESL_CSGO_PL,$1.55M
울프,$1.55M
WORLDOFWARSHIPS,$1.55M
LIGUE1UBEREATS,$1.55M
PG_ESPORTS_LOL,$1.55M
NIMBLENEURON,$1.55M
1PVCS,$1.55M
ELISAESPORTS,$1.55M
DOTATV247,$1.55M
ESL_CSGO_ES,$1.55M
HITPOINTCZ,$1.55M
R6ESPORTSBR,$1.55M
VGBOOTCAMP,$1.55M
CALL OF DUTY® BRAVO,$1.55M
LVPARG,$1.55M
99DAMAGE,$1.55M
VALORANT_KR,$1.55M
INYGONTV1,$1.55M
스피릿제로,$1.55M
ESL_SC2,$1.55M
MAGIC,$1.55M
ETERNALFIREGG,$1.55M
CCT_EN2,$1.55M
CCT_RU2,$1.55M
CCT_RU,$1.55M
ESPORT2TV,$1.55M
TRACKMANIA,$1.55M
ABEAUTIFULDEATH,$1.55M
LOLESPORTS_AR,$1.55M
VALORANT_LA,$1.55M
WARDIII,$1.55M
UNRIVALEDTOURNAMENTS,$1.55M
PLAYSTATIONES,$1.55M
BTSBRASILFPS,$1.55M
XBOX,$1.55M
RAINBOW6JP,$1.55M
DOSSIERCHANNEL,$1.55M
RTPARENACSGO2,$1.55M
BOOMTV,$1.55M
SINNERS_ESPORTS,$1.55M
SAWGGOFFICIAL,$1.55M
PLAYZONECZ,$1.55M
SH4DOWEHHH,$1.55M
ESL_CSGOC,$1.55M
ESL,$1.55M
RAINBOW6IT,$1.55M
阿森,$1.55M
BLACKDESERTGAME,$1.55M
ECHO_ESPORTS,$1.55M
ELALIGA,$1.55M
RAINBOW6FR,$1.55M
TODOSGAMERSFREEFIRE,$1.55M
IRACING,$1.55M
SPARTATHEORIGINAL,$1.55M
G2ESPORTS,$1.55M
RAINBOW6LATAM,$1.55M
RAINBOW6DE,$1.55M
WARGAMING_JAPAN,$1.55M
FSL,$1.55M
GAMERSCLUBCS,$1.55M
E5ESW,$1.55M
WAYPOINT,$1.55M
TNTSPORTSAR,$1.55M
