index,Title
Have a Tip?,2
Flowers,2
Follow Us,1
No Time Wasted,1
Everything I Love,1
PRC,1
Here With Me,1
That's What Tequila Does,1
Trance,1
Ceilings,1
Lost,1
10:35,1
Nonsense,1
You Didn't,1
AMG,1
In Ha Mood,1
No Se Va,1
Next Thing You Know,1
Tennessee Orange,1
Low,1
Freestyle,1
Heaven,1
Watch This (ARIZONATEARS Pluggnb Remix),1
I Wrote The Book,1
One Thing At A Time,1
Wild As Her,1
Handle On You,1
Spin Bout U,1
Forever,1
Lottery,1
A Tale of Two Chads: More Drama From Nineties Band Live,1
La Jumpa,1
AI Startups Headline NBC SportsTech Accelerator’s 2023 Class,1
Kohl’s Taps Dave Alves as President and Chief Operating Officer,1
"Keke Palmer Gives Birth To Son, Name Immediately Goes Viral",1
Natalie Dormer to Lead South African Crime Thriller Series ‘White Lies’ (Exclusive),1
Jay-Z Refused $100K Feature Payment While Working With Silkk The Shocker,1
"Tech CEO, New York Times Reporter Paid $51 Million for Ryan Seacrest's LA Estate",1
"Evanna Lynch Addresses J.K. Rowling Trans Controversy, Says the Author Advocates for “Most Vulnerable Members of Society”",1
Noah Cyrus Confidently Freed the Nipple in a Showstopping Mesh Look for Milan Fashion Week,1
Back End,1
Gold,1
Shut Up My Moms Calling,1
Slut Me Out,1
The Color Violet,1
Do It Again,1
Trustfall,1
Blind,1
Too Many Nights,1
X Si Volvemos,1
Yandel 150,1
OMG,1
Hey Mor,1
Dancin' In The Country,1
Love You Better,1
Que Vuelvas,1
Human,1
Love Again,1
Special,1
Superhero (Heroes & Villains),1
Escapism,1
Lavender Haze,1
Made You Look,1
You Proof,1
Calm Down,1
Under The Influence,1
Players,1
Rock And A Hard Place,1
Thought You Should Know,1
Rich Flex,1
Thank God,1
As It Was,1
Just Wanna Rock,1
I'm Good (Blue),1
Cuff It,1
Anti-Hero,1
Unholy,1
Die For You,1
Last Night,1
Creepin',1
"Boy's A Liar, Pt. 2",1
Kill Bill,1
Additional Awards,1
Gains in Weekly Performance,1
Miley Cyrus’ ‘Flowers’ Tops Billboard Global Charts for Sixth Week,1
"Going, Going, Gone",1
Something In The Orange,1
What He Didn't Do,1
Golden Hour,1
Lift Me Up,1
Favorite Song,1
Unstoppable,1
Hope,1
Nobody Gets Me,1
Bloody Mary,1
Tomorrow 2,1
About Damn Time,1
What My World Spins Around,1
Dawns,1
She Had Me At Heads Carolina,1
Wait In The Truck,1
"Bzrp Music Sessions, Vol. 53",1
Bebe Dame,1
Love You Anyway,1
I Like You (A Happier Song),1
The Kind Of Love We Make,1
Wait For U,1
Painting Pictures,1
Snooze,1
Shirt,1
Until I Found You,1
Bad Habit,1
Heart Like A Truck,1
Sure Thing,1
The Daily,1
