input_text,number
['THEGREFG'],22833.0
['KINGSLEAGUE'],22941.0
['IBAI'],14954.0
['PAULINHOLOKOBR'],13417.0
['ELSPREEN'],20148.0
['LOUD_CORINGA'],11649.0
['SHADOUNE666'],3350.0
['AURONPLAY'],24578.0
['LEC'],1161.0
['KAICENAT'],33262.0
['CALL OF DUTY (CALLOFDUTY)'],0.0
['BLASTPREMIER'],3926.0
['AMINEMATUE'],6712.0
['ESL_CSGO'],3519.0
['JAHREIN'],6346.0
['SCUMP'],1834.0
['CASIMITO'],4615.0
['XQC'],21807.0
['EVELONE192'],0.0
['LCK'],7279.0
['AVALANCHESOFTWARE'],767.0
['PLAYAPEX'],5623.0
['BIYIN_'],4051.0
['CSGO_MC'],3878.0
['JUANSGUARNIZO'],11702.0
['ELRAENN'],9182.0
['ADINROSS'],4629.0
['TARIK'],5537.0
['NIX'],4520.0
['LCS'],5232.0
['ILLOJUAN'],6136.0
['ELIASN97'],2363.0
['HJUNE'],4612.0
['ELMARIANA'],9213.0
['OTPLOL_'],3583.0
['GAMESDONEQUICK'],1524.0
['ESL_CSGOB'],1581.0
['QUACKITYTOO'],8714.0
['RUBIUS'],15779.0
['RIVERS_GG'],5491.0
['HYPE'],3551.0
['HASANABI'],7102.0
['GAULES'],6082.0
['CBLOL'],1135.0
['AMAR'],2373.0
['RAINBOW6'],3044.0
['BTSSMASH'],1628.0
['WTCN'],3093.0
['BETHESDA'],973.0
['Y4SPLZ'],4001.0
['ROCKETLEAGUE'],6757.0
['PGL_DOTA2'],3628.0
['加藤純一です (KATO_JUNICHI0817)'],0.0
['KENDINEMUZISYEN'],3064.0
['KAMET0'],2459.0
['NINTENDO'],992.0
['RELOG_RU'],2845.0
['REBEUDETER'],2437.0
['TRYMACS'],4592.0
['TENDERLYBAE'],1709.0
['BAIANO'],407.0
['WARFRAME'],3463.0
['REBORN_LIVE'],3831.0
['HLTVORG'],499.0
['SONYSANDIEGOSTUDIO'],738.0
['SODAPOPPIN'],6822.0
['WHOPLOHOYPAREN'],1618.0
['ROBLEIS'],5437.0
['LUQUET4'],4912.0
['N3KOGLAI'],9784.0
['だるまいずごっど (DARUMAISGOD)'],0.0
['SMITEGAME'],387.0
['WESTCOL'],3752.0
['DOMINGO'],1330.0
['LVPES'],579.0
['SPURSITO'],1241.0
['SYPHERPK'],3678.0
['ELXOKAS'],7681.0
['TISISCHUBECH'],167.0
['FPS_SHAKA'],1458.0
['MISSASINFONIA'],3861.0
['ALANZOKA'],7606.0
['TELEFE'],715.0
['PARAGON_DOTA'],1285.0
['GERARDROMERO'],1388.0
['EASPORTSFIFA'],3086.0
['ROIER'],3705.0
['HONDADREAMLAB'],1538.0
['JONVLOGS'],2477.0
['ARIGAMEPLAYS'],5757.0
['VALORANT_JPN'],3278.0
['SPYGEA'],1310.0
['FEXTRALIFE'],8703.0
['K4SEN'],2111.0
['SARDOCHE'],1862.0
['BUSTER'],4661.0
['우왁굳 (WOOWAKGOOD)'],0.0
['SIMURGH'],466.0
['NABRIZARP'],1219.0
['LEVO'],1369.0
['GOTAGA'],4451.0
['ZACKRAWRR'],1559.0
['SINATRAA'],1892.0
['NILOJEDA'],2297.0
['ALEXELCAPO'],1434.0
['GRONKH'],882.0
['CASTRO_1021'],2363.0
['NICKMERCS'],7283.0
['CSGO_MC2'],1974.0
['SQUEEZIE'],6330.0
['ZANOXVII'],2846.0
['GMHIKARU'],1103.0
['LIRIK'],2321.0
['JRKZ'],1067.0
['PSG'],848.0
['BETBOOM_RU'],386.0
['MONTANABLACK88'],6576.0
['QUACKITY'],4046.0
['GAMERBROTHER'],258.0
['ELZEEIN'],1411.0
['MAXIMEBIAGGI'],1279.0
['ANITTAMEDIACENTER'],4.0
['한동숙 (HANDONGSUK)'],0.0
['FELIPENETO'],491.0
['REVEDTV'],1863.0
['CHESS'],4311.0
['LLA'],816.0
['JHDELACRUZ777'],1103.0
['TEKKEN'],1014.0
['CAROLA'],2122.0
['SLAKUN10'],3432.0
['RESTIAFPS'],952.0
['GEORGENOTFOUND'],3803.0
['TOBEYKAI'],9.0
['CR_RION'],1284.0
['STYLISHNOOB4'],1582.0
['LPL'],3523.0
['NICEWIGG'],332.0
['EDWIN_LIVE'],1767.0
['EAMADDENNFL'],1034.0
['PARADEEV1CH'],2500.0
['DISGUISEDTOAST'],2475.0
['FORSEN'],2888.0
['THESIMS'],566.0
['EMIRU'],2879.0
['ROCKETLEAGUESAM'],406.0
['CRITICALROLE'],3513.0
['SUMMIT1G'],6322.0
['JASPER7SE'],2441.0
['DAVAY_PO_NOVOY'],62.0
['UNBOXHOLICS'],358.0
['NNOPRIME'],120.0
['BRATISHKINOFF'],3762.0
['BASTIGHG'],2439.0
['TUMBLURR'],529.0
['GABEPEIXE'],4059.0
['NMPLOL'],2216.0
['S1MPLE'],1681.0
['ZOOMAA'],1617.0
['IM_MITTIII'],1493.0
['EXTRAEMILY'],771.0
['DANNYAARONS'],1195.0
['BRUCEDROPEMOFF'],0.0
['한갱 (WOOHANKYUNG)'],0.0
['PAPAPLATTE'],3410.0
['WILBURSOOT'],2913.0
['PLKDAMIAN'],453.0
['IRONMOUSE'],1814.0
['TSM_IMPERIALHAL'],3908.0
['FOLLENTASS'],166.0
['FAMEMMA'],155.0
['NOWAY4U_SIR'],1193.0
['CLIX'],6801.0
['LITTLERAGERGIRL'],1310.0
['MIZKIF'],3358.0
['HASKOLOGLU'],862.0
['DAVOOXENEIZE'],2610.0
['DATMODZ'],527.0
['YOURRAGEGAMING'],5040.0
['RIOT GAMES (RIOTGAMES)'],0.0
['LOLPACIFICTW'],743.0
['AMOURANTH'],3704.0
['TENZ'],3439.0
['ALBAARA'],1129.0
['JUST_NS'],1865.0
['EPULZEGAMING'],2165.0
['JERMA985'],3182.0
['XBOX'],571.0
['BTSSMASH2'],497.0
['NONI'],1151.0
['MARKILOKURASY'],2269.0
['MARKPLAYZ'],996.0
['아이네_ (VO_INE)'],0.0
['ANTOINEDANIEL'],1969.0
['ROCKETBAGUETTE'],348.0
['JLTOMY'],1403.0
['MOISTCR1TIKAL'],3999.0
['PRIMELEAGUE'],1099.0
['RUNTHEFUTMARKET'],1567.0
['풍월량 (HANRYANG1125)'],0.0
['PGL_DOTA2EN2'],2339.0
['NBA2KLEAGUE'],449.0
['MASTU'],563.0
['LOLTYLER1'],5423.0
['IITZTIMMY'],2813.0
['DARIOMOCCIATWITCH'],1641.0
['QTCINDERELLA'],1178.0
['MAZZAROPI_1'],317.0
['ELDED'],3644.0
['DERKELLERYT'],168.0
['XXXTHEFOCUSXXX'],1484.0
['MOONMOON'],2273.0
['NIKOLARN'],4372.0
['JOUEUR_DU_GRENIER'],1983.0
['CELLBIT'],3587.0
['CAPCOMFIGHTERS'],1371.0
['ATADOGANN'],488.0
['THEREALKNOSSI'],2446.0
['EVELONE2004'],273.0
['WANKILSTUDIO'],1713.0
['XROHAT'],525.0
['LVNDMARK'],2146.0
['BADBOYHALO'],1447.0
['AMAZONMUSIC'],393.0
['CARRERAAA'],3564.0
['BARCELONASCOFICIAL'],9.0
['FANUM'],2546.0
['ROCKETLEAGUEAPAC'],314.0
['릴파_ (LILPAAAAAA)'],0.0
['SELLY55'],605.0
['8CHO'],1348.0
['YODA'],2766.0
['PARAGON_ENG'],513.0
['JCORKO_'],1277.0
['KORESHZY'],1655.0
['NIKLASWILSON'],341.0
['SOLARY'],627.0
['FLATS'],846.0
['K3SOJU'],2503.0
['EASTGEEKSMASH'],285.0
['고세구___ (GOSEGUGOSEGU)'],0.0
['DANTES'],980.0
['DIARIOMARCA'],343.0
['THEBAUSFFS'],2492.0
['PIETSMIET'],581.0
['SHROUD'],7871.0
['BRAWLHALLA'],1424.0
['CHALLENGERSLEAGUE'],707.0
['FARBIZZBAT9'],249.0
['WARCRAFT'],1822.0
['ALVAROOLAZABAL'],1.0
['DJGRZS'],13.0
['TIXINHADOIS'],415.0
['ROCKETLEAGUEMENA'],298.0
['EWROON'],3024.0
['양띵 (YD0821)'],0.0
['비챤_ (VIICHAN6)'],0.0
['AGUSTINUNAPLAY8'],779.0
['ZLOYN'],1208.0
['SHYLILY'],1381.0
['CAEDREL'],1426.0
['소람잉 (SORAMMMM)'],0.0
['얍얍 (YAPYAP30)'],0.0
['DRKZUP'],672.0
['REBIRTHZTV'],2657.0
['KUBAFPS'],648.0
['랄로 (ABA4647)'],0.0
['TWITCHRIVALS'],3818.0
['악어 (JDM2088)'],0.0
['NIGHTBLUE3'],2031.0
['はんじょう (HANJOUDESU)'],0.0
['승우아빠_ (SWAB85)'],0.0
['KINGGEORGE'],1121.0
['BETBOOM_RU5'],97.0
['PROD'],396.0
['아야츠노_유니 (AYATSUNOYUNI_STELLIVE)'],0.0
['AGRAELUS'],1215.0
['SAMUELETIENNE'],737.0
['VALORANT_NORTHAMERICA'],360.0
['JESUSAVGN'],3309.0
['POKELAWLS'],1644.0
['ETOILES'],1158.0
['YOUNGMULTI'],2097.0
['AGENT00'],1815.0
['VGBOOTCAMP'],325.0
['TEAMREDLINE'],300.0
['괴물쥐123 (TMXK319)'],0.0
['주르르 (COTTON__123)'],0.0
['ZUBAREFFF'],1153.0
['MAXIMILIAN_DOOD'],1717.0
['SHAUNZ'],396.0
['STROGO1337'],392.0
['MONSTERHUNTER'],201.0
['ALDO_GEO'],1759.0
['ESPORTS_RAGE'],1167.0
['MAXIMUM'],911.0
['PAYMONEYWUBBY'],1287.0
['GOTHAMCHESS'],2220.0
['RIOTGAMESJP'],933.0
['ADOLFZ'],1145.0
['ELOTRIX'],1948.0
['FORTNITE'],6363.0
['ZERATOR'],1798.0
['MAZELLOVVV'],2429.0
['AMANDRAKARP'],283.0
['KANDIDLYKAYLA'],257.0
['GORGC'],1504.0
['COHHCARNAGE'],829.0
['WORLDOFTANKS'],398.0
['TECHLAND'],45.0
['BRUNABLINCE'],504.0
['VOVO'],473.0
['SILVERNAME'],1528.0
['ELCHIRINGUITOTV'],452.0
['겨우디 (WINTER_28270)'],0.0
['NEYMARJR'],1248.0
['AGURIN'],765.0
['もこうやで (MOKOULISZT1)'],0.0
['POSTY'],337.0
['DRB7H'],1329.0
['SUPERBUSS_'],713.0
['TIFFAE'],158.0
['AWSONAIR'],570.0
['しゃるる (SYARURU3)'],0.0
['TFUE'],7621.0
['CDAWGVA'],1793.0
['DWPRESENTS'],1113.0
['JYNXZI'],985.0
['らっだぁ (RADERADERADER)'],0.0
['XGAMES'],9.0
['JAKENBAKELIVE'],1230.0
['KARQ'],399.0
['ASPASZIN'],533.0
['REZO'],261.0
['TIOOROCHITWITCH'],1699.0
['RRAENEE'],2322.0
['FORMAL'],376.0
['HITCHARIIDE'],277.0
['SYMFUHNY'],3522.0
['ESFANDTV'],1518.0
['EKATZE007'],973.0
['MCKYTV'],2251.0
['아이리_칸나 (AIRIKANNA_STELLIVE)'],0.0
['CHRISTIANVIERIOFFICIAL'],1169.0
['ROOTTHEGAMER'],391.0
['MARKIPLIER'],3151.0
['SNIKWINS'],53.0
['PAULETA_TWITCH'],1377.0
['WATCHMEFOREVER'],0.0
['SHAHZAM'],1613.0
['TUBBO'],3272.0
['GAMERGIRL'],581.0
['CHOWH1'],955.0
['SNOPEY_'],361.0
['VYSOTZKY'],1615.0
['STROGO'],782.0
['ARTHARS'],589.0
['GENSYXA'],1138.0
['SHOTZZY'],692.0
['DYRUS'],976.0
['M0NESYOF'],1161.0
['AXOZER'],2351.0
['HONEYPUU'],2251.0
['DIZZYKITTEN'],496.0
['INFINITEMYSTERY'],4.0
['징버거 (JINGBURGER)'],0.0
['PERXITAA'],2831.0
['JEANMASSIET'],517.0
['KARMA'],365.0
['ZENTREYA'],728.0
['RAINBOW6BRAVO'],340.0
['MLODZIUTKI7'],861.0
['SIDNEYEWEKA'],559.0
['TVANDER'],770.0
['NOCTAQ'],104.0
['ESB_DOTA2'],60.0
['RANBOOLIVE'],3122.0
['QUESADACID'],296.0
['눈쟁이 (EYEJOKER7)'],0.0
['BUDDHA'],1286.0
['MODY_ALASMR'],552.0
['QUIN69'],1378.0
['BETBOOM_RU2'],80.0
['ZERKAA'],2662.0
['WARHAMMER'],467.0
['PONCE'],1755.0
['AVAGG'],612.0
['KYEDAE'],3526.0
['EINTRACHTSPANDAU'],178.0
['LESTREAM'],1019.0
['IEPINBALL'],516.0
['POLISPOL1'],1028.0
['叶ちゃんねる (KANAE_2434)'],0.0
['らいじん (ALFREA)'],0.0
['DOUBLELIFT'],1318.0
['ELWIND'],1607.0
['EGORKREED'],1479.0
['마젠타_ (MAGENTA62)'],0.0
['SAPNAPLIVE'],1163.0
['WILLNEFF'],481.0
['HONEYMAD'],1565.0
['KOI'],399.0
['LACOBRAAA'],1148.0
['POKIMANE'],7136.0
['TRAINWRECKSTV'],1240.0
['CROWN'],1936.0
['VINESAUCE'],769.0
['TWM_LOL'],8.0
['SUBROZA'],695.0
['SERGIOFFERRA'],198.0
['침착맨 (ZILIONER)'],0.0
['LUKISTEVE'],1290.0
['BISTECONEE'],475.0
['AROYITT'],2105.0
['MCH_AGG'],536.0
['ML7SUPPORT'],709.0
['SHADOWKEKW'],1095.0
['KOMANCHE'],1167.0
['FOLAGORLIVES'],1470.0
['ERAY'],2653.0
['YOMAX'],348.0
['STANISLAW89'],63.0
['SHXTOU'],1266.0
['TOPSONOUS'],749.0
['TEAMHERETICS'],265.0
['VICKYPALAMI'],781.0
['CZECHCLOUD'],713.0
['SKAIN'],658.0
['NADIA'],1463.0
['ELAJJAZ'],1449.0
['1PVCS'],361.0
['MASL_SOCCER'],306.0
['QUICKYBABY'],1046.0
['POKEMON'],747.0
['XMERGHANI'],1463.0
['CLOAKZY'],2369.0
['TONIKI'],329.0
['다주 (DDA_JU)'],0.0
['AKYULIYCH'],1140.0
['HUTCHMF'],688.0
['ROLLINGSTONE'],132.0
['POKERSTARS'],472.0
['GRENHEIR'],591.0
['CSGOMC_UA'],878.0
['LENAGOL0VACH'],1264.0
['CCT_EN'],804.0
['ESL_SC2'],204.0
['MRSCHIMCHIM'],27.0
['PURPLEBIXI'],854.0
['YAYSTER'],405.0
['A_SEAGULL'],1077.0
['FPSTHAILAND'],644.0
['MONDO2244'],329.0
['ありさか (CR_ARISAKAAA)'],0.0
['RAQUEL'],271.0
['RECRENT'],1111.0
['PUNISHER'],376.0
['SIMPLY'],408.0
['NINJA'],12035.0
['MASKENISSEN'],192.0
['うめきデイジー (UMEKIDAISY1117)'],0.0
['JORGINHORP'],210.0
['KNEKRO'],1763.0
['DMITRY_LIXXX'],1680.0
['JANKOS'],1514.0
['GLORIOUS_E'],812.0
['BATALHADAALDEIA'],287.0
['R6ESPORTSBR'],835.0
['EASPORTSFIFAMOBILE'],251.0
['MISSMIKKAA'],1086.0
['HIKO'],1631.0
['MRJACKSONLIVE'],20.0
['REWINSIDE'],1450.0
['TENACITYTV'],436.0
['LOVEFORTYSIX'],634.0
['MLS'],254.0
['GALEGUINS'],922.0
['ALLMUSICCONSIDERED'],954.0
['따효니 (DDAHYONI)'],0.0
['FRONTIERDEVELOPMENTS'],249.0
['JACKEYY'],1401.0
['ROCKETLEAGUEOCE'],194.0
['DAFRAN'],1359.0
['COCONUTB'],2676.0
['BONJWA'],920.0
['ABEAUTIFULDEATH'],196.0
['MISTERMV'],1245.0
['HARUGLORY'],385.0
['NYANNERS'],1324.0
['SAFADASSO'],326.0
['THEREALMARZAA'],1430.0
['쌍베 (PACIFIC8815)'],0.0
['スタンミ (SUTANMI)'],0.0
['CHESSBRAH'],864.0
['TEAMFIGHTTACTICS'],140.0
['VIVIENDOENLACALLE'],1445.0
['STAYSAFETV'],314.0
['DUKE'],1556.0
['ZOEWRENMUSIC'],22.0
['ILTW1'],335.0
['FLORRYWORRY'],285.0
['TOMLEESE_'],164.0
['MOKRIVSKYI'],486.0
['SOLARYFORTNITE'],1785.0
['XFIBII'],933.0
['DOKTORFROID'],424.0
['SINDICS'],242.0
['JOPLAYSVIOLIN'],24.0
['FOOTBALLBROMANCE'],827.0
['LOCKLEAR'],2003.0
['TTTCHEEKYTTT'],315.0
['BLUETHUNDER'],193.0
['DARIAPSINA'],274.0
['STEPHANMR'],1146.0
['A_N_I_N_Y_A'],413.0
['DAYDREAMERDAN'],249.0
['파카9999 (PAKA9999)'],0.0
['BLIZZB3AR'],166.0
['STRAY228'],682.0
['SUMMONERSINNLIVE'],876.0
['RIOTGAMESTURKISH'],1221.0
['VEIBAE'],1591.0
['LOLIPOPGI'],158.0
['ABUGOKU9999'],377.0
['世誠 (BBBB87)'],0.0
['KARCHEZ'],1164.0
['DINABLIN'],488.0
['연초봄 (YEONCHOBOM)'],0.0
['ボドカさん (VODKAVDK)'],0.0
['SANNIHALLA'],22.0
['JACAREPEREIRA'],113.0
['ゆきお2 (YUKIOFPS14)'],0.0
['XTHESOLUTIONTV'],993.0
['UNICORNIO'],838.0
['WRECKSNOTHING'],125.0
['LUCIANPLAYSALLDAY'],5.0
['YOINTERNETO'],435.0
['MEIKODRJ'],571.0
['CAPTAINPUFFY'],2581.0
['DELEGARP'],814.0
['PGL_DOTA2EN3'],5299.0
['SEUM'],301.0
['STEEL'],918.0
['B0ATY'],705.0
['BOTEZLIVE'],2988.0
['탬탬버린 (2CHAMCHAM2)'],0.0
['TITANLOL1'],515.0
['GONCHO'],883.0
['DANECOOKGAMING'],86.0
['LUANZ7_'],1901.0
['TOWELLIEE'],1009.0
['FRANIO'],160.0
['FANHORP'],341.0
['TAKUU_'],1196.0
['ABE'],444.0
['TAMPANEVERSLEEPS'],171.0
['OHNEPIXEL'],1170.0
['FROSTPRIME_'],475.0
['HISWATTSON'],1495.0
['BOXBOX'],1836.0
['CXMMUNITY'],754.0
['TWITCH'],6886.0
['BILALKAMARIEH7'],36.0
['DYRACHYO'],284.0
['피닉스박1 (XKWHD)'],0.0
['HORTYUNDERSCORE'],289.0
['OLLIEGAMERZ'],798.0
['AVOIDINGTHEPUDDLE'],417.0
['강지 (RKDWL12)'],0.0
['SCRUFFOFTHENECK'],14.0
['おにや (ONIYADAYO)'],0.0
['NICOTHEO_OFF'],67.0
['S0MCS'],1282.0
['GRENBAUD'],642.0
['GREENRADOM'],51.0
['EMONGG'],1072.0
['ELSENORDELOSCIELOS8'],12.0
['SASATIKK'],1027.0
['MONSTERENERGY'],233.0
['SUPERGIRLGP'],621.0
['CLINTSTEVENS'],836.0
['PVFRANGO'],409.0
['BTSSMASH4'],268.0
['FRAMETAMER666'],1461.0
['XCUDI'],47.0
['ROSHTEIN'],1327.0
['WIRTUAL'],621.0
['NIMUVT'],1913.0
['IMLS'],992.0
['MUNDODEPORTIVO1906'],1030.0
['ZEALSAMBITIONS'],658.0
['STRIB'],130.0
['火暴可可 (XHIBAOGER)'],0.0
['REPAZ'],821.0
['JUVENTUS'],460.0
['AUSTIN_07'],16.0
['TWIIX_AL'],5.0
['VOODOOSH'],615.0
['ELISAWAVES'],569.0
['GOOFYWISE'],193.0
['BLUEANDQUEENIE'],53.0
['JAY3'],552.0
['XCHOCOBARS'],821.0
['ABSOLUTEHABIBI'],144.0
['IAMCRISTININI'],2831.0
['LETICIAXMOTTA'],79.0
['SABYSPARK'],9.0
['TFBLADE'],1305.0
['NEVER_LOSES'],483.0
['CALEBHART42'],326.0
['WELOVEGAMES'],867.0
['FOOLISH_GAMERS'],1726.0
['룩삼 (LOOKSAM)'],0.0
['POPO'],741.0
['MUHANJAN'],277.0
['삼식 (INECR7024)'],0.0
['RMCSPORT'],469.0
['RPGLIMITBREAK'],103.0
['TOLUNAYOREN'],1045.0
['FURKAN'],278.0
['LUQUITARODRIGUEZ'],438.0
['SUPERTF'],929.0
['SOYMOTOR'],281.0
['NORTHERNLION'],466.0
['SKILLZ0R1337'],155.0
['NAKOO_FN'],1009.0
['BECCA'],448.0
['老皮 (MOBILMOBIL)'],0.0
['DISTORTION2'],1023.0
['MRSAVAGE'],2484.0
['BJERGSENLOL'],554.0
['JUSTCOOMAN'],1373.0
['IWDOMINATE'],651.0
['ATOSMOCHIS'],0.0
['BLXCKOUTZ'],1758.0
['LVPCL'],97.0
['TRASHTASTEPODCAST'],324.0
['녹두로 (NOKDURO)'],0.0
['KOSSTOCHKA'],313.0
['RICOY'],1215.0
['허니츄러스 (HONEYCHURROS)'],0.0
['AVERAGEJONAS'],778.0
['ZELLSIS'],337.0
['RTGAME'],1645.0
['PENTA'],1055.0
['LAMEDIAINGLESA'],408.0
['GUACAMOLEMOLLY'],573.0
['ZYBLOL'],451.0
['LAINK'],590.0
['김도 (KIMDOE)'],0.0
['DJGAMERPLAYER'],10.0
['슈카월드 (TORONA1)'],0.0
['NEOFOX'],20.0
['SAFINEE'],820.0
['RUMATHRA'],563.0
['GIGGAND'],1055.0
['MOAUBA'],300.0
['LVPCOL'],87.0
['CHIGRE'],428.0
['ROCKETSTREETLIVE'],362.0
['김진우 (JINU6734)'],0.0
['KOIL'],601.0
['GETONMYLVLTV'],43.0
['FUSION88'],582.0
['LEODKN1'],12.0
['WERLYB'],720.0
['BROSSKIEZ'],165.0
['LANDONORRIS'],859.0
['PESTILY'],1246.0
['CHAP_GG'],630.0
['UNIVERSONOVELAS'],0.0
['PUTUPAU'],430.0
['THATVIOLINCHICK'],649.0
['ZONAGEMELOS'],149.0
['CABOCHARDLOL'],408.0
['YEJUNIVERSE'],495.0
['LUXIEGAMES'],219.0
['STOOPZZ'],546.0
['QUARTERJADE'],1889.0
['TOMMYINNIT'],4329.0
['GRANDPOOBEAR'],326.0
['KITBOGA'],726.0
['DREAMWASTAKEN'],566.0
['JAPANESEKOREANUG'],457.0
['GAFALLEN'],1031.0
['2K'],91.0
['BRUNENGER'],1505.0
['YLSANT'],30.0
['BRUCEGREENE'],185.0
['REZONFN'],491.0
['SETSUKOTFT'],450.0
['OMEDSUELO'],48.0
['LOSPOLLOSTV'],415.0
['ROCKY_'],809.0
['KURUMX'],105.0
['IM_DONTAI'],1781.0
['CYR'],615.0
['BT0TV'],307.0
['DESCONECTADOS_TV'],50.0
['97ZONER'],467.0
['ENVIOSITY'],736.0
['TOMMYINNITALT'],863.0
['SVETASOLLARR'],225.0
['MGG_FR'],156.0
['NATSUMIII'],485.0
['PHOTOCHESS'],590.0
['IKERCASILLAS'],490.0
['PIKABOOIRL'],831.0
['DEEPINS02'],1698.0
['ALBRALELIE'],624.0
['NNIRU'],756.0
['OTZDARVA'],1193.0
['BEYONDTHESUMMIT'],645.0
['KARLNETWORK'],1567.0
['UPSETGER'],189.0
['H3CZ'],171.0
['IMANTADO'],518.0
['IZAKOOO'],1490.0
['JUANJOGAMEPLAY'],100.0
['쉐리 (KSS7749)'],0.0
['RATIRL'],1045.0
['JINNYTTY'],826.0
['SHISHEYU_MAYAMOTO'],212.0
['BUGHA'],3454.0
['TODURORP'],285.0
['ANNACRAMLING'],1705.0
['LAKSHARTNIA'],1132.0
['PAOLOIDOLO'],681.0
['TIVIBUSPOR'],41.0
['TINAKITTEN'],1394.0
['VLESK'],467.0
['LCKCL'],116.0
['TCK10'],683.0
['LEONBRATT'],950.0
['PHILZA'],2331.0
['MOGTALK'],788.0
['FISHNOTHING'],75.0
['COREANO'],753.0
['ALESSIASANTERAMO'],1303.0
['LUCIID_TW'],112.0
['GAYMINGMAG'],131.0
['더플레이스튜디오 (THEPLAYSTUDIO)'],0.0
['AGENTEMAXO'],1105.0
['KARASMAI'],455.0
['HAZRETIYASUO'],898.0
['JUDD'],200.0
['CH14'],831.0
['TECTONE'],834.0
['TORONTOTOKYO17'],522.0
['BROXAH'],1238.0
['H2P_GUCIO'],973.0
['XARI'],237.0
['RIMA0326'],4.0
['LCO'],209.0
['STERZIK'],286.0
['ICECREAMUPLOADS'],4.0
['ROCIODTA'],401.0
['NRGGG'],155.0
['KAYDOP'],691.0
['SPAWNONME'],184.0
['AUSSIEANTICS'],1482.0
['FARFADOXVEVO'],1557.0
['CURTISRYAN'],258.0
['STAIY'],158.0
['CACHO01'],400.0
['VALORANT_BR'],370.0
['ARTY'],375.0
['JELTY'],2029.0
['ELMIILLOR'],1030.0
['AUNKERE'],1150.0
['SOYCHAPATV'],56.0
['BRKK'],1113.0
['AUZIOMF'],355.0
['MAYA'],1007.0
['NAGUURA'],331.0
['J4MOD'],8.0
['ADMIRALBAHROO'],813.0
['DALTOOSH'],947.0
['BARBAROUSKING'],449.0
['김뿡_ (BBONGE_)'],0.0
['ALE_APOKA'],593.0
['MAGIC'],406.0
['SPKCLB'],325.0
['MRDZINOLD'],1002.0
['MELHARUCOS'],527.0
['DRUTUTT'],760.0
['ARROZYDESGRACIAS'],306.0
['JENNYAN'],622.0
['ZILVERK'],1507.0
['XENOSYSVEX'],704.0
['SARTHE'],101.0
['小森めと (MET_KOMORI)'],0.0
['LEFRENCHRESTREAM'],127.0
['REVENTXZ'],898.0
['MANDE'],1505.0
['AA9SKILLZ'],588.0
['C_A_K_E'],1012.0
['ATT_OFICIAL'],155.0
['JIRAYALECOCHON'],520.0
['JONATHANONG'],116.0
['39DAPH'],1522.0
['BUCHER'],22.0
['XTH0REK'],503.0
['ODABLOCK'],568.0
['HADIPLAYSMUSIC'],282.0
['SKILL4LTU'],608.0
['VICE'],380.0
['AUSTINEKELER'],126.0
['LETSHUGOTV'],1073.0
['BLACKUFA'],986.0
['FAIDE'],873.0
['PAPESAN'],744.0
['AYDAN'],2111.0
['JOSEDEODO'],503.0
['TUANZY'],225.0
['PIPEPUNK'],919.0
['ESL_CSGOD'],131.0
['SKYWHYWALKER'],1235.0
['KAYANETV'],120.0
['PLAYHARD'],1358.0
['CRITICAS_QLS'],401.0
['SEIKOSHA_TV'],9.0
['ZY0XXX'],729.0
['TONTON'],793.0
['凱琪 (APHROLIN1107)'],0.0
['PATHTOLCS'],161.0
['ANNAGAZANIS'],146.0
['LOL_NEMESIS'],1108.0
['RDCGAMING'],1095.0
['ゆゆうた押忍 (YUYUTA0702)'],0.0
['FCBAYERNBASKETBALL'],285.0
['MINERVA'],752.0
['OCWSPORT'],211.0
['YATORO21'],112.0
['TERRACID'],770.0
['JUJALAG'],833.0
['TANUKANA_'],50.0
['EUPROLEAGUE_EN'],37.0
['ROBINSONGZ'],274.0
['BILLYWILKINSOFFICIAL'],483.0
['ROSTISLAV_999'],1066.0
['DOUGDOUGW'],802.0
['ALEFTORREZ'],775.0
['SWEETDREAMS'],850.0
['PELICANGER'],576.0
['GRPZDC'],0.0
['CINENOVELERO'],33.0
['SACY'],678.0
['COCHISE'],146.0
['OTKNETWORK'],132.0
['IMAQTPIE'],1709.0
['NECROS'],545.0
['RAZAH'],397.0
['VIIBIIN'],92.0
['PREMIERTWO'],185.0
['DOGDOG'],485.0
['BETBOOM_ENG'],107.0
['FREEKBASS'],2.0
['METASHI12'],589.0
['MAYICHI'],1324.0
['LLUNACLARK'],926.0
['RIVENZI'],431.0
['LIZZZOGUB'],12.0
['RAINHOE'],294.0
['SHANKS_TTV'],667.0
['서새봄냥 (SADDUMMY)'],0.0
['TUTCHIO'],4.0
['GOLDENGUARDIANS'],45.0
['STEVEFORWARD'],3.0
['SAUDIESPORTS_'],11.0
['LNGLIVEOFFICIAL'],200.0
['ITSJSTN'],512.0
['MAZZATOMAS'],680.0
['NOTMES'],192.0
['SMOKEY'],64.0
['MOKRYSUCHAR'],524.0
['VEDAL987'],796.0
['플러리 (FLURRY1989)'],0.0
['SOSFANTALIVE'],181.0
['PERIDOTLOL'],595.0
['TA1YO_TV'],401.0
['MIXWELL'],1524.0
['DKAYED'],1015.0
['COLLEGECARBALL'],186.0
['BETHESDA_DE'],129.0
['GP_TV'],167.0
['THEYHATENESS'],20.0
['실프_ (SILPHTV)'],0.0
['CHILLEDCHAOS'],1026.0
['러너교 (RUNNER0608)'],0.0
['SKYLINETVLIVE'],675.0
['PARISPLATYNOV'],1023.0
['MONSOONGG'],50.0
['KYLE'],1006.0
['RAVSHANN'],632.0
['STARYUUKI'],2742.0
['SNOODYBOO'],400.0
['CHARMQUELL'],223.0
['嬌兔 (ZRUSH)'],0.0
['YASSUO'],1345.0
['김남봉 (KIMNAMSOON)'],0.0
['SKYKTOWALKER'],163.0
['SYLVEEY'],199.0
['SNEAKYLOL'],1441.0
['SILVERVALE'],969.0
['JOJOHF'],936.0
['TPK_LIVE'],583.0
['CANBIZZ_'],67.0
['GALOUTOF'],5.0
['BEBE872'],434.0
['FLIGHT23WHITE'],1723.0
['SAKEN_LOL'],276.0
['BRANCARP_'],49.0
['DARKSHIRAH'],34.0
['SHIVFPS'],987.0
['CHOPPERZ14'],333.0
['PAIVINHA29'],947.0
['SKIPPYPOPPIN'],192.0
['EL_YUSTE'],458.0
['餐餐自由配 (BLUSEWILLY_RETRY)'],0.0
['TESHRAK'],92.0
['TRAUSI'],265.0
['BREAK'],247.0
['DANERGYLIVE'],170.0
['NICKEH30'],3163.0
['KNOQD'],187.0
['PLAQUEBOYMAX'],1042.0
['SCHRODINGERLEE'],752.0
['TAYLOR_JEVAUX'],861.0
['TWITCHSPORTS'],1905.0
['KENNZY'],513.0
['SGARES'],261.0
['김뚜띠_ (KIMDDUDDI)'],0.0
['PUNZ'],1169.0
['LORDBALVIN'],68.0
['CLAREMEANS'],665.0
['SPACESTATION'],130.0
['GRONKHTV'],244.0
['MISSGERMANY'],799.0
['NAOWH'],692.0
['SCREAM'],1082.0
['FREIRAUMREH'],376.0
['옥냥이 (ROOFTOPCAT99)'],0.0
['ALPHACAST'],512.0
['AIMSEY'],601.0
['SAMULX_'],383.0
['MYM_ALKAPONE'],1161.0
['COSCU'],2323.0
['MARVEL'],86.0
['EBONIVON'],1015.0
['NISQYY'],374.0
['JOLAVANILLE'],1392.0
['KAORI123'],147.0
['TEEGRIZZLEY'],1313.0
['YBICANOOOOBOV'],322.0
['TOLKINLOL'],590.0
['VARGSKELETHOR'],536.0
['SOYEVADEMETAL'],82.0
['CHUTYVKS'],167.0
['MINIMINTER'],1204.0
['DAKILLZOR'],304.0
['PELEGRINO1993'],639.0
['HTALKS'],388.0
['ITROLLEDU'],354.0
['RAFAELAGRO'],1.0
['SPACEMANLIVE'],203.0
['ARIASAKI'],861.0
['SCARRA'],1005.0
['THEOWLCLUB'],15.0
['YAYAHUZ'],798.0
['RELAXING234'],0.0
['NATS'],962.0
['VALLEAGUE_FR'],136.0
['VERHULST'],448.0
['FIRSTTEAM101'],119.0
['K1NG'],1395.0
['BELLUM'],98.0
['K4T4N4'],2101.0
['DMITRY_BALE'],369.0
['RDULIVE'],686.0
['PORSCHE'],155.0
['BTSSMASH3'],140.0
['CODOMA'],17.0
['BAGHERAJONES'],312.0
['NL_KRIPP'],1166.0
['ATRIOC'],846.0
['PRESTIVENT'],238.0
['BABURANIS'],17.0
['DRAKEOFFC'],443.0
['DEANSOCOOL'],442.0
['TEA_PACMAN'],74.0
['WILLFOX'],17.0
['ROGUE'],875.0
['CERBERO_PODCAST'],304.0
['WAKZLOL'],159.0
['MITCHJONES'],842.0
['PMLEEK'],30.0
['PINQTOST'],177.0
['이춘향 (LEECHUNHYANG)'],0.0
['TARZANED'],269.0
