name,description,cost,stats
Shurelya's Battlesong,<mainText><stats><attention> 40</attention> Ability Power<br><attention> 200</attention> Health<br><attention> 20</attention> Ability Haste<br><attention> 100%</attention> Base Mana Regen</stats><br><br> <active>Active -</active> <active>Inspire:</active> Grants you and nearby allies <speed>60% decaying Move Speed</speed> for 4 seconds. Champions gain an additional <magicDamage>35 - 55 (based on ally level) magic damage</magicDamage> on the next 3 Attacks or Ability hits against champions (75s cooldown).<br><br><rarityMythic>Mythic Passive:</rarityMythic> Grants all other <rarityLegendary>Legendary</rarityLegendary> items <attention> 2.5%</attention> Move Speed.<br><br><rules>Strength of level-scaling effects are based on the ally's level.</rules></mainText><br>,2500,"{'FlatHPPoolMod': 200, 'FlatMagicDamageMod': 40}"
Abyssal Mask,<mainText><stats><attention> 350</attention> Health<br><attention> 60</attention> Magic Resist</stats><br><li><passive>Unmake:</passive> <status>Immobilizing</status> a champion causes them to take 10% increased damage for 4 seconds. </mainText><br>,2700,"{'FlatHPPoolMod': 350, 'FlatSpellBlockMod': 60}"
Archangel's Staff,"<mainText><stats><attention> 65</attention> Ability Power<br><attention> 500</attention> Mana</stats><br><li><passive>Awe:</passive> Gain bonus <scaleAP>Ability Power equal to 3% of bonus Mana</scaleAP>.<li><passive>Mana Charge:</passive> Strike a target with an Ability to consume a charge and gain <scaleMana>3 bonus Mana</scaleMana>, doubled if the target is a champion. Grants a maximum of 360 Mana at which point this item transforms into <rarityLegendary>Seraph's Embrace</rarityLegendary>.<br><br><rules>Gain a new <passive>Mana Charge</passive> every 8 seconds (max 4).</rules></mainText><br>",3000,"{'FlatMPPoolMod': 500, 'FlatMagicDamageMod': 65}"
Manamune,"<mainText><stats><attention> 35</attention> Attack Damage<br><attention> 500</attention> Mana<br><attention> 15</attention> Ability Haste</stats><br><li><passive>Awe:</passive> Gain bonus <scaleAD>Attack Damage equal to 2.5% max Mana</scaleAD>. <li><passive>Mana Charge:</passive> Strike a target with an Ability to consume a charge and gain <scaleMana>3 bonus Mana</scaleMana>, doubled if the target is a champion. Grants a maximum of 360 Mana at which point this item transforms into <rarityLegendary>Muramana</rarityLegendary>.<br><br><rules>Gain a new <passive>Mana Charge</passive> every 8 seconds (max 4).</rules></mainText><br>",2900,"{'FlatPhysicalDamageMod': 35, 'FlatMPPoolMod': 500}"
Guardian Angel,"<mainText><stats><attention> 40</attention> Attack Damage<br><attention> 40</attention> Armor</stats><br><li><passive>Saving Grace:</passive> Upon taking lethal damage, restores <healing>50% base Health</healing> and <scaleMana>30% max Mana</scaleMana> after 4 seconds of stasis (300s cooldown).</mainText><br>",2800,"{'FlatPhysicalDamageMod': 40, 'FlatArmorMod': 40}"
Infinity Edge,"<mainText><stats><attention> 70</attention> Attack Damage<br><attention> 20%</attention> Critical Strike Chance</stats><br><li><passive>Perfection:</passive> If you have at least 60% Critical Strike Chance, gain 35% Critical Strike Damage.</mainText><br>",3400,"{'FlatPhysicalDamageMod': 70, 'FlatCritChanceMod': 0.2}"
Mortal Reminder,<mainText><stats><attention> 25</attention> Attack Damage<br><attention> 25%</attention> Attack Speed<br><attention> 20%</attention> Critical Strike Chance<br><attention> 7%</attention> Move Speed</stats><br><li><passive>Sepsis:</passive> Dealing physical damage applies <status>40% Grievous Wounds</status> to enemy champions for 3 seconds. Dealing 3 consecutive Attacks to an enemy champion enhances this effect to <status>60% Grievous Wounds</status> against them until the effect is allowed to elapse.<br><br><rules><status>Grievous Wounds</status> reduces the effectiveness of Healing and Regeneration effects.</rules></mainText><br>,2500,"{'FlatPhysicalDamageMod': 25, 'FlatCritChanceMod': 0.2, 'PercentMovementSpeedMod': 0.07, 'PercentAttackSpeedMod': 0.25}"
Lord Dominik's Regards,<mainText><stats><attention> 35</attention> Attack Damage<br><attention> 20%</attention> Critical Strike Chance<br><attention> 35%</attention> Armor Penetration</stats><br><li><passive>Giant Slayer:</passive> Deal up to <physicalDamage>15% bonus physical damage</physicalDamage> against champions with greater max Health than you.<br><br><rules>Max damage increase reached when Health difference is greater than 2000.</rules></mainText><br>,2900,"{'FlatPhysicalDamageMod': 35, 'FlatCritChanceMod': 0.2}"
Seraph's Embrace,<mainText><stats><attention> 65</attention> Ability Power<br><attention> 860</attention> Mana</stats><br><li><passive>Awe:</passive> Gain bonus <scaleAP>Ability Power equal to 5% bonus Mana</scaleAP>.<li><passive>Empyrean:</passive>Increase your maximum mana by 5% + 2.5% per 100 AP.</mainText><br>,3000,"{'FlatMPPoolMod': 860, 'FlatMagicDamageMod': 65}"
Muramana,<mainText><stats><attention> 35</attention> Attack Damage<br><attention> 860</attention> Mana<br><attention> 15</attention> Ability Haste</stats><br><li><passive>Awe:</passive> Gain bonus <scaleAD>Attack Damage equal to 2.5% max Mana</scaleAD>. <li><passive>Shock:</passive> Attacks against champions deal an additional <physicalDamage>1.5% Max Mana physical damage</physicalDamage> ( <OnHit>On-Hit</OnHit>). Damaging Abilities against champions deal an additional <physicalDamage>(3.5% for Melee users | 2.7% for Ranged users) Max Mana + 6% Total AD physical damage</physicalDamage>.</mainText><br>,3000,"{'FlatPhysicalDamageMod': 35, 'FlatMPPoolMod': 860}"
Phantom Dancer,"<mainText><stats><attention> 20</attention> Attack Damage<br><attention> 25%</attention> Attack Speed<br><attention> 20%</attention> Critical Strike Chance<br><attention> 7%</attention> Move Speed</stats><br><li><passive>Spectral Waltz:</passive> Attacks grant <status>Ghosting</status> and <speed>7% Move Speed</speed> for 3 seconds. In addition, Attacking 4 times causes Spectral Waltz to also grant <attackSpeed>30% Attack Speed</attackSpeed> for the same duration.<br><br><rules><status>Ghosted</status> units ignore collision with other units.</rules></mainText><br>",2600,"{'FlatPhysicalDamageMod': 20, 'FlatCritChanceMod': 0.2, 'PercentMovementSpeedMod': 0.07, 'PercentAttackSpeedMod': 0.25}"
Zeke's Convergence,"<mainText><stats><attention> 250</attention> Health<br><attention> 25</attention> Armor<br><attention> 250</attention> Mana<br><attention> 20</attention> Ability Haste</stats><br><br> <active>Active -</active> <active>Conduit:</active> Designate an <attention>Accomplice</attention> (60s cooldown).<br><li><passive>Convergence:</passive> For 8 seconds after you <status>Immobilize</status> an enemy, your <attention>Accomplice's</attention> Attacks ( <OnHit>On-Hit</OnHit>) and Ability hits apply an additional <magicDamage>(30 - 70 (based on level) + 1.5% Health + 7.5% Ability Power) magic damage</magicDamage> to that enemy.<br><br><rules>Champions can only be linked by one Zeke's Convergence at a time.</rules></mainText><br>",2400,"{'FlatHPPoolMod': 250, 'FlatMPPoolMod': 250, 'FlatArmorMod': 25}"
Sterak's Gage,"<mainText><stats><attention> 50</attention> Attack Damage<br><attention> 400</attention> Health</stats><br><li><passive>Bloodlust:</passive> Dealing damage to or taking damage from a champion grants a stack, restoring <healing>(2% max Health | 1.2% max Health for Ranged champions)</healing> over 6 seconds. Stacks beyond the first heal for 50% less.<li><passive>Lifeline:</passive> Upon taking damage that would reduce your Health below 30%, gain a <shield>100 Shield (increased by (8% max Health | 4.8% max Health for Ranged champions) per stack of <passive>Bloodlust</passive>)</shield> for 4 seconds (60s cooldown).<br><br><rules><attention>Bloodlust</attention> stacks up to 5 times; 1 per champion. Healing and bonus shielding reduced to 60% for  Ranged users.</rules></mainText><br>",3100,"{'FlatPhysicalDamageMod': 50, 'FlatHPPoolMod': 400}"
Spirit Visage,<mainText><stats><attention> 450</attention> Health<br><attention> 40</attention> Magic Resist<br><attention> 10</attention> Ability Haste<br><attention> 100%</attention> Base Health Regen</stats><br><li><passive>Boundless Vitality:</passive> Increases all Healing and Shielding effectiveness on you by 25%.</mainText><br>,2900,"{'FlatHPPoolMod': 450, 'FlatSpellBlockMod': 40}"
Sunfire Aegis,"<mainText><stats><attention> 350</attention> Health<br><attention> 30</attention> Armor<br><attention> 30</attention> Magic Resist<br><attention> 20</attention> Ability Haste</stats><br><li><passive>Immolate:</passive> Taking or dealing damage causes you to begin dealing <magicDamage>(20 - 40 (based on level) + 1% bonus Health) magic damage</magicDamage> per second to nearby enemies (increased by 25% against minions and 100% against monsters) for 3 seconds. Damaging Champions or Epic Monsters with this effect adds a stack, increasing subsequent <passive>Immolate</passive> damage by 12% for 5 seconds (max stacks 6).<li><passive>Flametouch:</passive> At maximum <passive>Immolate</passive> stacks, your Attacks burn nearby enemies for your <passive>Immolate</passive> damage per second for 3 seconds.<br><br><rarityMythic>Mythic Passive:</rarityMythic> Grants all other <rarityLegendary>Legendary</rarityLegendary> items <attention> 5%</attention> Tenacity and Slow Resist.</mainText><br>",3200,"{'FlatHPPoolMod': 350, 'FlatSpellBlockMod': 30, 'FlatArmorMod': 30}"
Black Cleaver,<mainText><stats><attention> 40</attention> Attack Damage<br><attention> 400</attention> Health<br><attention> 25</attention> Ability Haste</stats><br><li><passive>Carve:</passive> Dealing physical damage to a champion applies a stack of <scaleArmor>4% Armor reduction</scaleArmor> for 6 seconds (max <scaleArmor>24% Armor reduction</scaleArmor>).<li><passive>Rage:</passive> Dealing physical damage to a champion grants 5 movement speed per stack of <unique>Carve</unique> on them for 2 seconds.</mainText><br>,3100,"{'FlatPhysicalDamageMod': 40, 'FlatHPPoolMod': 400}"
Bloodthirster,<mainText><stats><attention> 55</attention> Attack Damage<br><attention> 20%</attention> Critical Strike Chance<br><attention> 20%</attention> Life Steal</stats><br><li><passive>Ichorshield:</passive> Life Steal from Attacks can now overheal you. Excess Health is stored as a <shield>50 - 350 (based on level) Shield</shield> that decays slowly if you haven't dealt or taken damage in the last 25 seconds.</mainText><br>,3400,"{'FlatPhysicalDamageMod': 55, 'FlatCritChanceMod': 0.2, 'PercentLifeStealMod': 0.2}"
Ravenous Hydra,"<mainText><stats><attention> 65</attention> Attack Damage<br><attention> 20</attention> Ability Haste<br><attention> 10%</attention> Omnivamp</stats><br><li><passive>Cleave:</passive> Attacks and Abilities deal up to <physicalDamage>(60% Attack Damage) physical damage</physicalDamage> to other enemies near target hit.<br><br><rules>Deals a minimum of (12% Attack Damage) damage to units at the end of its range, can only hit each target once per Attack or Ability, and doesn't trigger off of periodic damage.</rules><br></mainText><br>",3300,{'FlatPhysicalDamageMod': 65}
Thornmail,"<mainText><stats><attention> 350</attention> Health<br><attention> 60</attention> Armor</stats><br><li><passive>Thorns:</passive> When struck by an Attack, deal <magicDamage>(10 + 10% bonus Armor) magic damage</magicDamage> to the attacker and apply 40% <status>Grievous Wounds</status> for 3 seconds if they are a champion. Immobilizing enemy champions also applies 60% <status>Grievous Wounds</status> for 3 seconds.<br><br><rules><status>Grievous Wounds</status> reduces the effectiveness of Healing and Regeneration effects.</rules></mainText><br>",2700,"{'FlatHPPoolMod': 350, 'FlatArmorMod': 60}"
Trinity Force,"<mainText><stats><attention> 25</attention> Attack Damage<br><attention> 35%</attention> Attack Speed<br><attention> 200</attention> Health<br><attention> 20</attention> Ability Haste</stats><br><li><passive>Threefold Strike:</passive> Attacks grant <speed>25 Move Speed</speed> for 3 seconds. If the target is a champion, increase your <scaleAD>base Attack Damage by 6%</scaleAD> for 3 seconds, stacking up to 5 times (Max increase <scaleAD>30% AD</scaleAD>).<li><passive>Spellblade:</passive> After using an Ability, your next Attack is enhanced with an additional <physicalDamage>(200% base Attack Damage) physical damage</physicalDamage>  <OnHit>On-Hit</OnHit> (1.5s cooldown). <br><br><rarityMythic>Mythic Passive:</rarityMythic> Grants all other <rarityLegendary>Legendary</rarityLegendary> items <attention> 10</attention> Attack Speed.</mainText><br>",3333,"{'FlatPhysicalDamageMod': 25, 'FlatHPPoolMod': 200, 'PercentAttackSpeedMod': 0.35}"
Warmog's Armor,"<mainText><stats><attention> 800</attention> Health<br><attention> 10</attention> Ability Haste<br><attention> 200%</attention> Base Health Regen</stats><br><li><passive>Warmog's Heart:</passive> If you have at least 3000 maximum Health, restore <healing>5% max Health</healing> per second if damage hasn't been taken within 6 seconds (3 seconds for non-Champions).</mainText><br>",3000,{'FlatHPPoolMod': 800}
Runaan's Hurricane,"<mainText><stats><attention> 45%</attention> Attack Speed<br><attention> 20%</attention> Critical Strike Chance<br><attention> 7%</attention> Move Speed</stats><br><li><passive>Wind's Fury:</passive> When Attacking, bolts are fired at up to 2 enemies near the target, each dealing <physicalDamage>(40% () Attack Damage) physical damage</physicalDamage>. Bolts apply On-Hit effects and can Critically Strike.<br><br><rules>Item is for  Ranged champions only.</rules></mainText><br>",2600,"{'FlatCritChanceMod': 0.2, 'PercentMovementSpeedMod': 0.07, 'PercentAttackSpeedMod': 0.45}"
Rabadon's Deathcap,<mainText><stats><attention> 120</attention> Ability Power</stats><br><li><passive>Magical Opus:</passive> Increases your total <scaleAP>Ability Power by 35%</scaleAP>.</mainText><br>,3600,{'FlatMagicDamageMod': 120}
Wit's End,<mainText><stats><attention> 30</attention> Attack Damage<br><attention> 40%</attention> Attack Speed<br><attention> 50</attention> Magic Resist</stats><br><li><passive>Fray:</passive> Attacks apply <magicDamage>15 - 80 (based on level) magic damage</magicDamage>  <OnHit>On-Hit</OnHit> and grant <speed>20 Move Speed</speed> for 2 seconds.</mainText><br>,3100,"{'FlatPhysicalDamageMod': 30, 'FlatSpellBlockMod': 50, 'PercentAttackSpeedMod': 0.4}"
Rapid Firecannon,"<mainText><stats><attention> 35%</attention> Attack Speed<br><attention> 20%</attention> Critical Strike Chance<br><attention> 7%</attention> Move Speed</stats><br><li><passive>Energized:</passive> Moving and Attacking will generate an Energized Attack.<li><passive>Sharpshooter:</passive> Your Energized Attack applies <magicDamage>120 bonus magic damage</magicDamage>. In addition, Energized attacks gain up to 35% bonus Attack Range.<br><br><rules>Attack Range cannot increase more than 150 units.</rules></mainText><br>",2500,"{'FlatCritChanceMod': 0.2, 'PercentMovementSpeedMod': 0.07, 'PercentAttackSpeedMod': 0.35}"
Stormrazor,"<mainText><stats><attention> 40</attention> Attack Damage<br><attention> 15%</attention> Attack Speed<br><attention> 20%</attention> Critical Strike Chance</stats><br><li><passive>Energized:</passive> Moving and Attacking will generate an Energized Attack.<li><passive>Paralyze:</passive> Your Energized Attack gains <magicDamage>120 bonus magic damage</magicDamage>. In addition, Energized Attacks slow enemies by 75% for 0.5 seconds.<br></mainText><br>",2700,"{'FlatPhysicalDamageMod': 40, 'FlatCritChanceMod': 0.2, 'PercentAttackSpeedMod': 0.15}"
Lich Bane,"<mainText><stats><attention> 70</attention> Ability Power<br><attention> 10%</attention> Move Speed</stats><br><li><passive>Spellblade:</passive> After using an Ability, your next Attack is enhanced with an additional <magicDamage>(150% base Attack Damage + 40% Ability Power) magic damage</magicDamage>  <OnHit>On-Hit</OnHit> (2.5s cooldown).</mainText><br>",3000,"{'PercentMovementSpeedMod': 0.1, 'FlatMagicDamageMod': 70}"
Banshee's Veil,<mainText><stats><attention> 80</attention> Ability Power<br><attention> 45</attention> Magic Resist<br><attention> 10</attention> Ability Haste</stats><br><li><passive>Annul:</passive> Grants a Spell Shield that blocks the next enemy Ability (40s cooldown).<br><br><rules>Item cooldown is restarted if you take damage from champions before it is completed.</rules></mainText><br>,2600,"{'FlatSpellBlockMod': 45, 'FlatMagicDamageMod': 80}"
Frozen Heart,"<mainText><stats><attention> 70</attention> Armor<br><attention> 400</attention> Mana<br><attention> 20</attention> Ability Haste</stats><br><li><passive>Winter's Caress:</passive> Reduces the <attackSpeed>Attack Speed</attackSpeed> of nearby enemies by 15%.<li><passive>Rock Solid:</passive> Reduce incoming damage from Attacks by up to (0.5% max Health), capped at 40% of the Attack's damage.</mainText><br>",2500,"{'FlatMPPoolMod': 400, 'FlatArmorMod': 70}"
Nashor's Tooth,<mainText><stats><attention> 100</attention> Ability Power<br><attention> 50%</attention> Attack Speed</stats><br><li><passive>Icathian Bite:</passive> Attacks apply <magicDamage>(15 + 20% Ability Power) magic damage</magicDamage>  <OnHit>On-Hit</OnHit>.</mainText><br>,3000,"{'FlatMagicDamageMod': 100, 'PercentAttackSpeedMod': 0.5}"
Rylai's Crystal Scepter,<mainText><stats><attention> 90</attention> Ability Power<br><attention> 350</attention> Health</stats><br><li><passive>Rimefrost:</passive> Damaging Abilities <status>Slow</status> enemies by 30% for 1 second.</mainText><br>,3000,"{'FlatHPPoolMod': 350, 'FlatMagicDamageMod': 90}"
Guinsoo's Rageblade,<mainText><stats><attention> 45%</attention> Attack Speed<br><attention> 20%</attention> Critical Strike Chance</stats><br><li><passive>Wrath:</passive> Your Critical Strike Chance is converted into  <OnHit>On-Hit</OnHit> damage. Gain <physicalDamage>40</physicalDamage>  <OnHit>On-Hit</OnHit> for each 20% Critical Strike Chance converted.<li><passive>Seething Strike:</passive> Every third Attack applies your On-Hit effects twice.<br><br><rules><passive>Wrath</passive> cannot benefit from more than 100% Critical Strike Chance. <passive>Wrath's</passive> On-Hit damage conversion is affected by Critical Strike damage modifiers. </rules></mainText><br>,2800,"{'FlatCritChanceMod': 0.2, 'PercentAttackSpeedMod': 0.45}"
Void Staff,<mainText><stats><attention> 70</attention> Ability Power<br><attention> 40%</attention> Magic Penetration</stats></mainText><br>,2700,{'FlatMagicDamageMod': 70}
Mercurial Scimitar,<mainText><stats><attention> 40</attention> Attack Damage<br><attention> 20%</attention> Critical Strike Chance<br><attention> 30</attention> Magic Resist</stats><br><br> <active>Active -</active> <active>Quicksilver:</active> Remove all crowd control debuffs (excluding <status>Airborne</status>) and also gain <speed>50% Move Speed</speed> for 1 second (90s cooldown).</mainText><br>,3000,"{'FlatPhysicalDamageMod': 40, 'FlatCritChanceMod': 0.2, 'FlatSpellBlockMod': 30}"
Youmuu's Ghostblade,<mainText><stats><attention> 60</attention> Attack Damage<br><attention> 18</attention> Lethality</stats><br><br> <active>Active -</active> <active>Wraith Step:</active> Gain <speed>20% Move Speed</speed> and <status>Ghosting</status> for 6 seconds (45s cooldown).<br><li><passive>Haunt:</passive> Gain <speed>40 Move Speed</speed> out of combat.<br><br><rules><status>Ghosted</status> units ignore collision with other units.</rules></mainText><br>,3000,{'FlatPhysicalDamageMod': 60}
Randuin's Omen,"<mainText><stats><attention> 250</attention> Health<br><attention> 80</attention> Armor<br><attention> 10</attention> Ability Haste</stats><br><br> <active>Active:</active> <active>Humility:</active> Briefly <status>Slow</status> nearby enemies and reduce their <scaleAD>Attack Damage</scaleAD> by 10% and Critical Strike Damage by 20% for 4 seconds (60s cooldown).<br><li><passive>Rock Solid:</passive> Reduce incoming damage from Attacks by up to (0.5% max Health), capped at 40% of the attack's damage.</mainText><br>",2700,"{'FlatHPPoolMod': 250, 'FlatArmorMod': 80}"
Hextech Rocketbelt,"<mainText><stats><attention> 90</attention> Ability Power<br><attention> 350</attention> Health<br><attention> 15</attention> Ability Haste</stats><br><br> <active>Active -</active> <active>Hex Bolt:</active> Dash in target direction, unleashing an arc of magic missiles that deal <magicDamage>(125 +15% Ability Power) magic damage</magicDamage>. Then, gain <speed>30% Move Speed</speed> towards enemy champions for 1.5 seconds (40s cooldown).<br><br><rarityMythic>Mythic Passive:</rarityMythic> Grants all other <rarityLegendary>Legendary</rarityLegendary> items <attention> 5</attention> Magic Penetration.<br><br><rules>Supersonic's dash cannot pass through terrain.</rules></mainText><br>",3200,"{'FlatHPPoolMod': 350, 'FlatMagicDamageMod': 90}"
Blade of The Ruined King,<mainText><stats><attention> 40</attention> Attack Damage<br><attention> 25%</attention> Attack Speed<br><attention> 10%</attention> Life Steal</stats><br><li><passive>Mist's Edge:</passive> Attacks apply <physicalDamage>physical damage</physicalDamage>  <OnHit>On-Hit</OnHit> equal to (10% for Melee users | 6% for Ranged users) of the target's current Health. <li><passive>Siphon:</passive> Attacking a champion 3 times deals <magicDamage>40 - 150 (based on level) magic damage</magicDamage> and steals 25% Move Speed for 2 seconds (20s cooldown).<br><br><rules>Maximum <passive>Mist's Edge</passive> damage dealt to monsters and minions is 60.<br>Item performance differs for  melee and  ranged users.</rules></mainText><br>,3200,"{'FlatPhysicalDamageMod': 40, 'PercentAttackSpeedMod': 0.25, 'PercentLifeStealMod': 0.1}"
Maw of Malmortius,"<mainText><stats><attention> 50</attention> Attack Damage<br><attention> 50</attention> Magic Resist<br><attention> 15</attention> Ability Haste</stats><br><li><passive>Lifeline:</passive> Upon taking magic damage that would reduce Health below 30%, gain <shield>(200 + 20% max Health) magic damage Shield</shield> for 5 seconds (60s cooldown).</mainText><br>",2800,"{'FlatPhysicalDamageMod': 50, 'FlatSpellBlockMod': 50}"
Zhonya's Hourglass,"<mainText><stats><attention> 65</attention> Ability Power<br><attention> 45</attention> Armor<br><attention> 10</attention> Ability Haste</stats><br><br> <active>Active -</active> <active>Stasis:</active> You become <status>Invulnerable</status> and <status>Untargetable</status> for 2.5 seconds, but are prevented from taking any other actions during this time (120s cooldown).</mainText><br>",2600,"{'FlatMagicDamageMod': 65, 'FlatArmorMod': 45}"
Morellonomicon,"<mainText><stats><attention> 80</attention> Ability Power<br><attention> 250</attention> Health</stats><br><li><passive>Affliction:</passive> Dealing magic damage applies <status>40% Grievous Wounds</status> to enemy champions for 3 seconds. If the target is below 50% Health, this effect is increased to <status>60% Grievous Wounds</status>.<br><br><rules><status>Grievous Wounds</status> reduces the effectiveness of Healing and Regeneration effects.</rules></mainText><br>",2500,"{'FlatHPPoolMod': 250, 'FlatMagicDamageMod': 80}"
Umbral Glaive,"<mainText><stats><attention> 50</attention> Attack Damage<br><attention> 12</attention> Lethality<br><attention> 15</attention> Ability Haste</stats><br><li><passive>Blackout:</passive> When spotted by an enemy Ward, reveal traps and disable Wards around you for 8 seconds (45s cooldown). Your Attacks instantly kill revealed traps and do triple damage to Wards.</mainText><br>",2600,{'FlatPhysicalDamageMod': 50}
Sanguine Blade,"<mainText><stats><attention> 50</attention> Attack Damage<br><attention> 10</attention> Lethality</stats><br> <attention>12</attention> Physical Vamp<br><li><passive>Frenzy:</passive> While near one or fewer visible enemy champions gain <scaleLethality>8 Lethality</scaleLethality> and <attackSpeed>20% - 80% Attack Speed</attackSpeed>, decaying over 3 seconds if other enemy champions get too close.</mainText><br>",3000,{'FlatPhysicalDamageMod': 50}
Locket of the Iron Solari,"<mainText><stats><attention> 200</attention> Health<br><attention> 20</attention> Ability Haste<br><attention> 30</attention> Armor<br><attention> 30</attention> Magic Resist</stats><br><br> <active>Active -</active> <active>Devotion:</active> Grant nearby allies a <shield>230 - 385 (based on ally level) Shield</shield>, decaying over 2.5 seconds (90s cooldown). <br><li><passive>Consecrate:</passive> Grant nearby allied champions <scaleArmor>5 Armor</scaleArmor> and <scaleMR>Magic Resist</scaleMR>. <br><br><rarityMythic>Mythic Passive:</rarityMythic> Grants all other <rarityLegendary>Legendary</rarityLegendary> items <attention>2</attention>  Armor/ Magic Resist increase to <passive>Consecrate</passive>.<br><br><rules>Strength of level-scaling effects are based on the ally's level.</rules></mainText><br>",2500,"{'FlatHPPoolMod': 200, 'FlatSpellBlockMod': 30, 'FlatArmorMod': 30}"
Gargoyle Stoneplate,<mainText><stats><attention> 60</attention> Armor<br><attention> 60</attention> Magic Resist<br><attention> 15</attention> Ability Haste</stats><br><br> <active>Active -</active> <active>Unbreakable:</active> Gain a <shield>(100 + 100% bonus Health) Shield</shield>  that decays and grow 25% in size for 2.5 seconds. (90s cooldown).<br><li><passive>Fortify:</passive> Taking damage from a champion grants a stack of <scaleArmor>5% bonus Armor</scaleArmor> and <scaleMR>5% bonus Magic Resist</scaleMR> for 6 seconds.<br><br><rules>Max 5 stacks; 1 per champion.</rules></mainText><br>,3300,"{'FlatSpellBlockMod': 60, 'FlatArmorMod': 60}"
Essence Reaver,"<mainText><stats><attention> 55</attention> Attack Damage<br><attention> 20%</attention> Critical Strike Chance<br><attention> 20</attention> Ability Haste</stats><br><li><passive>Spellblade:</passive> After using an Ability, your next Attack deals an additional <physicalDamage>100% Base Attack Damage + 40% Bonus Attack Damage physical damage</physicalDamage>  <OnHit>On-Hit</OnHit> and restores 40% of that damage as mana (1.5s cooldown).</mainText><br>",2900,"{'FlatPhysicalDamageMod': 55, 'FlatCritChanceMod': 0.2}"
Dead Man's Plate,"<mainText><stats><attention> 400</attention> Health<br><attention> 40</attention> Armor<br><attention> 5%</attention> Move Speed</stats><br><li><passive>Shipwrecker:</passive> While moving, build up to <speed>60 bonus Move Speed</speed>. Your next Attack discharges built up Move Speed to deal up to <magicDamage>100 magic damage</magicDamage>. If dealt by a  Melee champion at top speed, the Attack also <status>Slows</status> the target by 50% for 1 second.<br><br><flavorText>''There's only one way you'll get this armor from me...'' - forgotten namesake</flavorText><br><br>  </mainText><br>",2900,"{'PercentMovementSpeedMod': 0.05, 'FlatHPPoolMod': 400, 'FlatArmorMod': 40}"
Titanic Hydra,"<mainText><stats><attention> 30</attention> Attack Damage<br><attention> 500</attention> Health</stats><br><li><passive>Colossus:</passive> Gain bonus <scaleAD>Attack Damage equal to 1% max Health</scaleAD>.<li><passive>Cleave:</passive> Attacks apply an additional <physicalDamage>(5 + 1.5% max Health) physical damage</physicalDamage>  <OnHit>On-Hit</OnHit>, creating a shockwave that deals <physicalDamage>(40 + 3% max Health)  physical damage</physicalDamage> to enemies behind the target.<br><br><rules>Deals 75% for  Ranged users.  <OnHit>On-Hit</OnHit> damage is also applied to Structures.</rules></mainText><br>",3300,"{'FlatPhysicalDamageMod': 30, 'FlatHPPoolMod': 500}"
Edge of Night,<mainText><stats><attention> 50</attention> Attack Damage<br><attention> 10</attention> Lethality<br><attention> 325</attention> Health</stats><br><li><passive>Annul:</passive> Gain a Spell Shield that blocks the next enemy Ability (40s cooldown).<br><br><rules>Item's cooldown is restarted if you take damage before it is completed.</rules></mainText><br>,2900,"{'FlatPhysicalDamageMod': 50, 'FlatHPPoolMod': 325}"
Imperial Mandate,"<mainText><stats><attention> 40</attention> Ability Power<br><attention> 200</attention> Health<br><attention> 20</attention> Ability Haste<br><attention> 100%</attention> Base Mana Regen</stats><br><li><passive>Coordinated Fire:</passive> Abilities that <status>Slow</status> or <status>Immobilize</status> a champion deal <magicDamage>36 - 60 (based on level) bonus magic damage</magicDamage> and marks them for 4 seconds. (6s cooldown per champion) Ally champion damage detonates the mark, dealing an additional <magicDamage>90 - 150 (based on ally level) magic damage</magicDamage> and granting you both <speed>20% Move Speed</speed> for 2 seconds. <br><br><rarityMythic>Mythic Passive:</rarityMythic> Grants all other <rarityLegendary>Legendary</rarityLegendary> items <attention> 15</attention> Ability Power. <br><br><rules>Strength of level-scaling effects are based on the ally's level.</rules></mainText><br>",2500,"{'FlatHPPoolMod': 200, 'FlatMagicDamageMod': 40}"
Force of Nature,<mainText><stats><attention> 350</attention> Health<br><attention> 60</attention> Magic Resist<br><attention> 5%</attention> Move Speed</stats><br><li><passive>Absorb:</passive> Taking damage from Abilities grants you <speed>8 Move Speed</speed> and <scaleMR>4 Magic Resist</scaleMR> for 5 seconds (stacks up to 5 times; each unique Ability instance can give one stack).</mainText><br>,2900,"{'PercentMovementSpeedMod': 0.05, 'FlatHPPoolMod': 350, 'FlatSpellBlockMod': 60}"
The Golden Spatula,<mainText><stats><attention> 70</attention> Attack Damage<br><attention> 120</attention> Ability Power<br><attention> 50%</attention> Attack Speed<br><attention> 30%</attention> Critical Strike Chance<br><attention> 250</attention> Health<br><attention> 30</attention> Armor<br><attention> 30</attention> Magic Resist<br><attention> 250</attention> Mana<br><attention> 20</attention> Ability Haste<br><attention> 10%</attention> Move Speed<br><attention> 10%</attention> Life Steal<br><attention> 100%</attention> Base Health Regen<br><attention> 100%</attention> Base Mana Regen</stats><br><li><passive>Doing Something:</passive> You are permanently On Fire!</mainText><br>,7487,"{'FlatPhysicalDamageMod': 70, 'FlatCritChanceMod': 0.3, 'PercentMovementSpeedMod': 0.1, 'FlatHPPoolMod': 250, 'FlatSpellBlockMod': 30, 'FlatMPPoolMod': 250, 'FlatMagicDamageMod': 120, 'FlatArmorMod': 30, 'PercentAttackSpeedMod': 0.5, 'PercentLifeStealMod': 0.1}"
Horizon Focus,<mainText><stats><attention> 115</attention> Ability Power</stats><br><li><passive>Hypershot:</passive> Damaging a champion with a non-targeted Ability at over 700 range or <status>Immobilizing</status> them <keywordStealth>Reveals</keywordStealth> them and increases their damage taken from you by 10% for 6 seconds. <br><br><rules>The Ability that triggers <passive>Hypershot</passive> also benefits from the damage increase. Pets and non-immobilizing traps do not trigger this effect. Only the initial placement of zone Abilities will trigger this effect. Distance is measured from the Ability cast position. </rules></mainText><br>,3000,{'FlatMagicDamageMod': 115}
Cosmic Drive,"<mainText><stats><attention> 75</attention> Ability Power<br><attention> 200</attention> Health<br><attention> 20</attention> Ability Haste</stats><br><li><passive>Spelldance:</passive>   If you have at least <magicDamage>160 Ability Power</magicDamage>, gain <speed>20 Ability Haste</speed> and <speed>10 - 30 Move Speed</speed>.</mainText><br>",3000,"{'FlatHPPoolMod': 200, 'FlatMagicDamageMod': 75}"
Riftmaker,"<mainText><stats><attention> 80</attention> Ability Power<br><attention> 300</attention> Health<br><attention> 15</attention> Ability Haste<br><attention> 8%</attention> Omnivamp</stats><br><li><passive>Void Corruption:</passive> For each second damaging enemy champions, deal 2% bonus damage (max 10%). At maximum strength, the bonus damage is dealt as <trueDamage>true damage</trueDamage> instead. <br><br><rarityMythic>Mythic Passive:</rarityMythic> Grants all other <rarityLegendary>Legendary</rarityLegendary> items <attention>2%</attention> Omnivamp and  8 Ability Power.</mainText><br>",3200,"{'FlatHPPoolMod': 300, 'FlatMagicDamageMod': 80}"
Night Harvester,<mainText><stats><attention> 90</attention> Ability Power<br><attention> 300</attention> Health<br><attention> 15</attention> Ability Haste</stats><br><li><passive>Soulrend:</passive> Damaging a champion deals an additional <magicDamage>(125 +15% Ability Power magic damage)</magicDamage> and grants you <speed>25% Move Speed</speed> for 1.5 seconds (40s cooldown per champion).<br><br><rarityMythic>Mythic Passive:</rarityMythic> Grants all other <rarityLegendary>Legendary</rarityLegendary> items <attention> 5</attention> Ability Haste.<br><br><rules>Damaging a new champion will extend the duration of the Move Speed bonus.</rules></mainText><br>,3200,"{'FlatHPPoolMod': 300, 'FlatMagicDamageMod': 90}"
Demonic Embrace,<mainText><stats><attention> 70</attention> Ability Power<br><attention> 350</attention> Health</stats><br><li><passive>Azakana Gaze:</passive> Dealing Ability damage burns enemies for <magicDamage>1.2% max Health magic damage</magicDamage> every second for 4 seconds. You gain <scaleArmor>10 Armor</scaleArmor> and <scaleMR>Magic Resist </scaleMR> if a champion is affected (+<scaleArmor>2.5</scaleArmor> Armor and <scaleMR>Magic Resist</scaleMR> for each additional champion affected). </mainText><br>,3000,"{'FlatHPPoolMod': 350, 'FlatMagicDamageMod': 70}"
Silvermere Dawn,<mainText><stats><attention> 40</attention> Attack Damage<br><attention> 300</attention> Health<br><attention> 35</attention> Magic Resist</stats><br><br> <active>Active -</active> <active>Quicksilver:</active> Remove all crowd control debuffs (excluding <status>Airborne</status>) and gain 40% Tenacity and 40% Slow Resistance for 3 seconds (90s cooldown).</mainText><br>,3000,"{'FlatPhysicalDamageMod': 40, 'FlatHPPoolMod': 300, 'FlatSpellBlockMod': 35}"
Death's Dance,"<mainText><stats><attention> 50</attention> Attack Damage<br><attention> 40</attention> Armor<br><attention> 15</attention> Ability Haste</stats><br><li><passive>Ignore Pain:</passive> 35% (15% for Ranged users) of physical damage taken is dealt to you over 3 seconds instead.<li><passive>Defy:</passive> Champion takedowns cleanse <passive>Ignore Pain's</passive> remaining damage pool, grant you <speed>30% Move Speed</speed> for 2 seconds and restore <healing>10% of max Health</healing> over the duration.<br></mainText><br>",3100,"{'FlatPhysicalDamageMod': 50, 'FlatArmorMod': 40}"
Chempunk Chainsword,"<mainText><stats><attention> 45</attention> Attack Damage<br><attention> 250</attention> Health<br><attention> 15</attention> Ability Haste</stats><br><li><passive>Hackshorn:</passive> Dealing physical damage applies 40% <status>Grievous Wounds</status> to enemy champions for 3 seconds. If the target is below 50% Health, this effect is increased to 60% <status>Grievous Wounds</status>.<br><br><rules><status>Grievous Wounds</status> reduces the effectiveness of Healing and Regeneration effects.</rules></mainText><br>",2600,"{'FlatPhysicalDamageMod': 45, 'FlatHPPoolMod': 250}"
Moonstone Renewer,"<mainText><stats><attention> 40</attention> Ability Power<br><attention> 200</attention> Health<br><attention> 20</attention> Ability Haste<br><attention> 100%</attention> Base Mana Regen</stats><br><li><passive>Starlit Grace:</passive> When affecting champions with Attacks or Abilities in combat, restore <healing>50 - 100 (based on ally level) Health</healing> to the most wounded nearby ally (2s cooldown). Each second spent in combat with champions increases this healing effect by 12.5% (to a maximum of 50%).<br><br><rarityMythic>Mythic Passive:</rarityMythic> Grants all other <rarityLegendary>Legendary</rarityLegendary> items  <attention>5</attention> Ability Haste.<br><br><rules>Strength of level-scaling effects are based on the ally's level.</rules><br></mainText><br>",2500,"{'FlatHPPoolMod': 200, 'FlatMagicDamageMod': 40}"
Goredrinker,"<mainText><stats><attention> 45</attention> Attack Damage<br><attention> 400</attention> Health<br><attention> 20</attention> Ability Haste<br><attention> 150%</attention> Base Health Regen</stats><br><br> <active>Active -</active> <active>Thirsting Slash:</active> Deal <physicalDamage>(100% Attack Damage) physical damage</physicalDamage> to nearby enemies. Restore <healing>(25% Attack Damage + 8% missing Health)</healing> for each champion hit (15s cooldown, reduced by Ability Haste).<br><li><passive>Spite:</passive> Gain <scaleAD>1% Attack Damage</scaleAD> for each 5% missing Health (max <scaleAD>15%</scaleAD>).<br><br><rarityMythic>Mythic Passive:</rarityMythic> Grants all other <rarityLegendary>Legendary</rarityLegendary> items <attention> 5</attention> Ability Haste.</mainText><br>",3200,"{'FlatPhysicalDamageMod': 45, 'FlatHPPoolMod': 400}"
Stridebreaker,"<mainText><stats><attention> 45</attention> Attack Damage<br><attention> 20%</attention> Attack Speed<br><attention> 200</attention> Health<br><attention> 20</attention> Ability Haste</stats><br><br> <active>Active -</active> <active>Halting Slash:</active> Lunge a short distance and deal <physicalDamage>(75% Attack Damage) physical damage</physicalDamage> to nearby enemies, <status>Slowing</status> them by 40%, decaying over 2 seconds (20s cooldown, reduced by Ability Haste).<br><li><passive>Heroic Gait:</passive> Dealing physical damage grants <speed>30 Move Speed</speed> for 2 seconds.<br><br><rarityMythic>Mythic Passive:</rarityMythic> Grants all other <rarityLegendary>Legendary</rarityLegendary> items <attention> 3%</attention> Move Speed.<br><br><rules>Halting Slash's dash cannot pass through terrain.</rules></mainText><br>",3200,"{'FlatPhysicalDamageMod': 45, 'FlatHPPoolMod': 200, 'PercentAttackSpeedMod': 0.2}"
Divine Sunderer,"<mainText><stats><attention> 40</attention> Attack Damage<br><attention> 400</attention> Health<br><attention> 20</attention> Ability Haste</stats><li><passive>Spellblade:</passive> After using an Ability, your next Attack is enhanced with an additional <physicalDamage>10% target max Health physical damage</physicalDamage>  <OnHit>On-Hit</OnHit> (1.5s cooldown). If the target is a champion, restore 50% of the enhanced damage (30% for Ranged owners).<br><br><rarityMythic>Mythic Passive:</rarityMythic> Grants all other <rarityLegendary>Legendary</rarityLegendary> items <attention> 5%</attention> Armor Penetration and <attention> 5%</attention> Magic Penetration.<br><br><rules><passive>Spellblade</passive> will deal a minimum of (150% base Attack Damage) damage to units, but no more than (250% base Attack Damage) damage to Monsters.</rules></mainText><br>",3300,"{'FlatPhysicalDamageMod': 40, 'FlatHPPoolMod': 400}"
Liandry's Anguish,<mainText><stats><attention> 80</attention> Ability Power<br><attention> 600</attention> Mana<br><attention> 20</attention> Ability Haste</stats><br><li><passive>Agony:</passive> Deal up to <magicDamage>12% bonus magic damage</magicDamage> based on the target's bonus health (maxed at 1250 bonus health).<li><passive>Torment:</passive> Dealing damage with Abilities causes enemies to burn for <magicDamage>(15 + 1.5% Ability Power) + 1% max Health magic damage</magicDamage> per second for 4 seconds. <br><br><rarityMythic>Mythic Passive:</rarityMythic> Grants all other <rarityLegendary>Legendary</rarityLegendary> items <attention> 5</attention> Ability Haste.</mainText><br>,3400,"{'FlatMPPoolMod': 600, 'FlatMagicDamageMod': 80}"
Luden's Tempest,"<mainText><stats><attention> 80</attention> Ability Power<br><attention> 6</attention> Magic Penetration<br><attention> 600</attention> Mana<br><attention> 20</attention> Ability Haste</stats><br><li><passive>Echo:</passive> Damaging Abilities deal an additional <magicDamage>(100 + 10% Ability Power) magic damage</magicDamage> to the target and 3 nearby enemies and grants you <speed>15% Move Speed</speed> for 2 seconds (10s cooldown). Dealing ability damage to Champions reduces this item's cooldown by 0.5 second, up to 3 seconds per spell cast.<br><br><rarityMythic>Mythic Passive:</rarityMythic> Grants all other <rarityLegendary>Legendary</rarityLegendary> items <attention> 5</attention> Magic Penetration. </mainText><br>",3400,"{'FlatMPPoolMod': 600, 'FlatMagicDamageMod': 80}"
Everfrost,"<mainText><stats><attention> 80</attention> Ability Power<br><attention> 250</attention> Health<br><attention> 600</attention> Mana<br><attention> 20</attention> Ability Haste</stats><br><br> <active>Active -</active> <active>Glaciate:</active> Deal <magicDamage>(125+35% Ability Power) magic damage</magicDamage> in a cone, <status>Slowing</status> enemies by 65% for 1.5 seconds. Enemies at the center of the cone are <status>Rooted</status> instead (20s).<br><hr><rarityMythic>Mythic Passive:</rarityMythic> Grants all other <rarityLegendary>Legendary</rarityLegendary> items <attention> 15</attention> Ability Power. <br></mainText><br>",3400,"{'FlatHPPoolMod': 250, 'FlatMPPoolMod': 600, 'FlatMagicDamageMod': 80}"
Frostfire Gauntlet,<mainText><stats><attention> 350</attention> Health<br><attention> 25</attention> Armor<br><attention> 25</attention> Magic Resist<br><attention> 20</attention> Ability Haste</stats><br><li><passive>Immolate :</passive> Taking or dealing damage causes you to begin dealing <magicDamage>(20 - 40 (based on level) + 1% bonus Health) magic damage</magicDamage> per second to nearby enemies (increased by 25% against minions and 150% against monsters) for 3 seconds.<li><passive>Snowbind:</passive> Attacks create a frost field for 1.5 seconds (4s cooldown). Enemies that move across the field are <status>Slowed</status> by 25% (increased by your <scaleHealth>max Health</scaleHealth>).<br><br><rarityMythic>Mythic Passive:</rarityMythic> Grants all other <rarityLegendary>Legendary</rarityLegendary> items <attention> 100</attention> Health and <attention>6%</attention> Size.</mainText><br>,2800,"{'FlatHPPoolMod': 350, 'FlatSpellBlockMod': 25, 'FlatArmorMod': 25}"
Turbo Chemtank,<mainText><stats><attention> 350</attention> Health<br><attention> 25</attention> Armor<br><attention> 25</attention> Magic Resist<br><attention> 20</attention> Ability Haste</stats><br><br> <active>Active -</active> <active>Supercharged:</active> Grants <speed>75% Move Speed</speed> towards enemies or enemy turrets for 4 seconds. Once near an enemy (or after 4 seconds) a shockwave is emitted that <status>Slows</status> nearby champions by 40% for 1.5 seconds (90s cooldown).<br><li><passive>Immolate:</passive> Taking or dealing damage causes you to begin dealing <magicDamage>(20 - 40 (based on level) + 1% bonus Health) magic damage</magicDamage> per second to nearby enemies (increased by 25% against minions and 150% against monsters) for 3 seconds.<br><br><rarityMythic>Mythic Passive:</rarityMythic> Grants all other <rarityLegendary>Legendary</rarityLegendary> items <attention> 5</attention> Ability Haste</mainText><br>,2800,"{'FlatHPPoolMod': 350, 'FlatSpellBlockMod': 25, 'FlatArmorMod': 25}"
Galeforce,"<mainText><stats><attention> 60</attention> Attack Damage<br><attention> 20%</attention> Attack Speed<br><attention> 20%</attention> Critical Strike Chance</stats><br><br> <active>Active -</active> <active>Cloudburst:</active> Dash in target direction, firing three missiles at the lowest Health enemy near your destination (prioritizing champions). Deals a total of <magicDamage>(180 - 220 (based on level) + 45% bonus Attack Damage) magic damage</magicDamage>, increased against low Health targets by up to 50% (90s cooldown).<br><br><rarityMythic>Mythic Passive:</rarityMythic> Grants all other <rarityLegendary>Legendary</rarityLegendary> items <attention> 3%</attention> Move Speed.<br><br><rules>Maximum missile damage dealt when enemy Health is below 30%.<br>Cloudburst's dash cannot pass through terrain.</rules></mainText><br>",3400,"{'FlatPhysicalDamageMod': 60, 'FlatCritChanceMod': 0.2, 'PercentAttackSpeedMod': 0.2}"
Kraken Slayer,<mainText><stats><attention> 65</attention> Attack Damage<br><attention> 25%</attention> Attack Speed<br><attention> 20%</attention> Critical Strike Chance</stats><br><li><passive>Bring It Down:</passive> Every third Attack deals an additional <trueDamage>(60 + 45% bonus Attack Damage) true damage</trueDamage>.<br><br><rarityMythic>Mythic Passive:</rarityMythic> Grants all other <rarityLegendary>Legendary</rarityLegendary> items <attention> 10%</attention> Attack Speed.</mainText><br>,3400,"{'FlatPhysicalDamageMod': 65, 'FlatCritChanceMod': 0.2, 'PercentAttackSpeedMod': 0.25}"
Immortal Shieldbow,"<mainText><stats><attention> 55</attention> Attack Damage<br><attention> 20%</attention> Attack Speed<br><attention> 20%</attention> Critical Strike Chance<br><attention> 10%</attention> Life Steal</stats><br><li><passive>Lifeline:</passive> When taking damage that would reduce you below 30% Health, gain a <shield>250 - 700 Shield</shield> for 3s. In addition, gain <attackSpeed>0 Attack Speed</attackSpeed> for 8s (90s ).<br><br><rarityMythic>Mythic Passive:</rarityMythic> Grants all other <rarityLegendary>Legendary</rarityLegendary> items <attention> 5</attention> Attack Damage and <attention> 50</attention> Health.</mainText><br>",3400,"{'FlatPhysicalDamageMod': 55, 'FlatCritChanceMod': 0.2, 'PercentAttackSpeedMod': 0.2, 'PercentLifeStealMod': 0.1}"
Navori Quickblades,<mainText><stats><attention> 60</attention> Attack Damage<br><attention> 20%</attention> Critical Strike Chance<br><attention> 30</attention> Ability Haste</stats><br><li><passive>Deft Strikes:</passive> Your critical strikes with Attacks reduce your non-Ultimate Ability cooldowns by 20% of their remaining cooldown.</mainText><br>,3400,"{'FlatPhysicalDamageMod': 60, 'FlatCritChanceMod': 0.2}"
The Collector,<mainText><stats><attention> 55</attention> Attack Damage<br><attention> 20%</attention> Critical Strike Chance<br><attention> 12</attention> Lethality</stats><br><li><passive>Death and Taxes:</passive> Dealing damage that would leave an enemy champion below 5% Health executes them. Champion kills grant an additional 25 gold.</mainText><br>,3000,"{'FlatPhysicalDamageMod': 55, 'FlatCritChanceMod': 0.2}"
Duskblade of Draktharr,"<mainText><stats><attention> 60</attention> Attack Damage<br><attention> 18</attention> Lethality<br><attention> 20</attention> Ability Haste</stats><br><li><passive>Nightstalker:</passive> Attacking a champion deals an additional <physicalDamage>(65 + 25% bonus Attack Damage) physical damage</physicalDamage> (15s cooldown). If dealt by a  Melee champion, this Attack also <status>Slows</status> the target by 99% for 0.25 seconds.  When a champion that you have damaged within the last 3 seconds dies, this cooldown is refreshed and you become <keywordStealth>Invisible</keywordStealth> for 1.5 seconds.<br><br><rarityMythic>Mythic Passive:</rarityMythic> Grants all other <rarityLegendary>Legendary</rarityLegendary> items <attention> 5</attention> Ability Haste.<br></mainText><br>",3200,{'FlatPhysicalDamageMod': 60}
Eclipse,"<mainText><stats><attention> 55</attention> Attack Damage<br><attention> 18</attention> Lethality<br><attention> 8%</attention> Omnivamp</stats><br><br><li><passive>Ever Rising Moon:</passive> Hitting a champion with 2 separate Attacks or Abilities within 1.5 seconds deals an additional <physicalDamage>6% max Health physical damage</physicalDamage>, grants you <speed>15% Move Speed</speed> and a <shield>(150 + 40% bonus Attack Damage) Shield (100 + 30% bonus Attack Damage for ranged champions)</shield> for 2 seconds (8s cooldown, 16s cooldown for ranged champions).<br><br><rarityMythic>Mythic Passive:</rarityMythic> Grants all other <rarityLegendary>Legendary</rarityLegendary> items <attention> 4%</attention> Armor Penetration</mainText><br>",3200,{'FlatPhysicalDamageMod': 55}
Prowler's Claw,"<mainText><stats><attention> 60</attention> Attack Damage<br><attention> 21</attention> Lethality<br><attention> 20</attention> Ability Haste</stats><br><br> <active>Active -</active> <active>Sandswipe:</active> Dash through target enemy, dealing <physicalDamage>(100 + 30% bonus Attack Damage) physical damage</physicalDamage>. For the next 3 seconds, you deal 15% increased damage to the target. (60s cooldown).<br><br><rarityMythic>Mythic Passive:</rarityMythic> Grants all other <rarityLegendary>Legendary</rarityLegendary> items <attention> 5</attention> Lethality</mainText><br>",3200,{'FlatPhysicalDamageMod': 60}
Serylda's Grudge,<mainText><stats><attention> 45</attention> Attack Damage<br><attention> 30%</attention> Armor Penetration<br><attention> 20</attention> Ability Haste</stats><br><li><passive>Bitter Cold:</passive> Damaging Abilities <status>Slow</status> enemies by 30% for 1 second.</mainText><br>,3400,{'FlatPhysicalDamageMod': 45}
Serpent's Fang,"<mainText><stats><attention> 55</attention> Attack Damage<br><attention> 18</attention> Lethality</stats><br><li><passive>Shield Reaver:</passive> Dealing damage to an enemy champion reduces any shields they gain by (50% | 25% for Ranged Champions) for 3 seconds. When you damage an enemy who is unaffected by Shield Reaver, reduce all shields on them by (50% | 25% for Ranged Champions).<br><br><rules>Additional damage not applied to targets with shields that only block magic damage.</rules></mainText><br>",2600,{'FlatPhysicalDamageMod': 55}
